<?xml version="1.0" encoding="UTF-8"?>
<project-private xmlns="http://www.netbeans.org/ns/project-private/1">
    <editor-bookmarks xmlns="http://www.netbeans.org/ns/editor-bookmarks/2" lastBookmarkId="0"/>
    <open-files xmlns="http://www.netbeans.org/ns/projectui-open-files/2">
        <group>
            <file>file:/C:/xampp/htdocs/Code/PBO/Asistensi%202%20Asisten/src/TokoOnline/MainMenu.java</file>
            <file>file:/C:/xampp/htdocs/Code/PBO/Asistensi%202%20Asisten/src/PesanBuku/Penerbit.java</file>
            <file>file:/C:/xampp/htdocs/Code/PBO/Asistensi%202%20Asisten/src/TransaksiUang/OperasiTransaksi.java</file>
            <file>file:/C:/xampp/htdocs/Code/PBO/Asistensi%202%20Asisten/src/TransaksiUang/Akun.java</file>
            <file>file:/C:/xampp/htdocs/Code/PBO/Asistensi%202%20Asisten/src/TokoOnline/Main.java</file>
            <file>file:/C:/xampp/htdocs/Code/PBO/Asistensi%202%20Asisten/src/TokoOnline/InPengguna.java</file>
            <file>file:/C:/xampp/htdocs/Code/PBO/Asistensi%202%20Asisten/src/TokoOnline/LogicSystem.java</file>
            <file>file:/C:/xampp/htdocs/Code/PBO/Asistensi%202%20Asisten/src/TransaksiUang/Main.java</file>
            <file>file:/C:/xampp/htdocs/Code/PBO/Asistensi%202%20Asisten/src/TokoOnline/Pesanan.java</file>
            <file>file:/C:/xampp/htdocs/Code/PBO/Asistensi%202%20Asisten/src/TokoOnline/InProduk.java</file>
            <file>file:/C:/xampp/htdocs/Code/PBO/Asistensi%202%20Asisten/src/HadiahManis/Manis.java</file>
            <file>file:/C:/xampp/htdocs/Code/PBO/Asistensi%202%20Asisten/src/TokoOnline/LayananProduk.java</file>
            <file>file:/C:/xampp/htdocs/Code/PBO/Asistensi%202%20Asisten/src/TokoOnline/Produk.java</file>
            <file>file:/C:/xampp/htdocs/Code/PBO/Asistensi%202%20Asisten/src/TokoOnline/InLayananProduk.java</file>
            <file>file:/C:/xampp/htdocs/Code/PBO/Asistensi%202%20Asisten/src/PesanBuku/Main.java</file>
            <file>file:/C:/xampp/htdocs/Code/PBO/Asistensi%202%20Asisten/src/TokoOnline/LayananPesanan.java</file>
            <file>file:/C:/xampp/htdocs/Code/PBO/Asistensi%202%20Asisten/src/HadiahManis/Cookie.java</file>
            <file>file:/C:/xampp/htdocs/Code/PBO/Asistensi%202%20Asisten/src/TokoOnline/InLayananPesanan.java</file>
            <file>file:/C:/xampp/htdocs/Code/PBO/Asistensi%202%20Asisten/src/HadiahManis/Lollipop.java</file>
            <file>file:/C:/xampp/htdocs/Code/PBO/Asistensi%202%20Asisten/src/TokoOnline/InMenu.java</file>
            <file>file:/C:/xampp/htdocs/Code/PBO/Asistensi%202%20Asisten/src/TokoOnline/InLayananPengguna.java</file>
            <file>file:/C:/xampp/htdocs/Code/PBO/Asistensi%202%20Asisten/src/TokoOnline/InKeranjang.java</file>
            <file>file:/C:/xampp/htdocs/Code/PBO/Asistensi%202%20Asisten/src/HadiahManis/Candy.java</file>
            <file>file:/C:/xampp/htdocs/Code/PBO/Asistensi%202%20Asisten/src/HadiahManis/Main.java</file>
            <file>file:/C:/xampp/htdocs/Code/PBO/Asistensi%202%20Asisten/src/TokoOnline/InPesanan.java</file>
            <file>file:/C:/xampp/htdocs/Code/PBO/Asistensi%202%20Asisten/src/TokoOnline/Pengguna.java</file>
            <file>file:/C:/xampp/htdocs/Code/PBO/Asistensi%202%20Asisten/src/PesanBuku/Sampul.java</file>
            <file>file:/C:/xampp/htdocs/Code/PBO/Asistensi%202%20Asisten/src/TokoOnline/LayananPengguna.java</file>
            <file>file:/C:/xampp/htdocs/Code/PBO/Asistensi%202%20Asisten/src/PesanBuku/SistemBuku.java</file>
            <file>file:/C:/xampp/htdocs/Code/PBO/Asistensi%202%20Asisten/src/TokoOnline/Keranjang.java</file>
            <file>file:/C:/xampp/htdocs/Code/PBO/Asistensi%202%20Asisten/src/PesanBuku/Buku.java</file>
            <file>file:/C:/xampp/htdocs/Code/PBO/Asistensi%202%20Asisten/src/PesanBuku/Penulis.java</file>
            <file>file:/C:/xampp/htdocs/Code/PBO/Asistensi%202%20Asisten/src/HadiahManis/Hadiah.java</file>
        </group>
    </open-files>
</project-private>
